{
    "ASCII Anti Aliased": true,
    "Ambiguous Double Width": false,
    "Ansi 0 Color": {
        "Alpha Component": 1,
        "Blue Component": 0.12941176470588237,
        "Color Space": "P3",
        "Green Component": 0.12156862745098039,
        "Red Component": 0.11372549019607843
    },
    "Ansi 1 Color": {
        "Alpha Component": 1,
        "Blue Component": 0.40000000000000002,
        "Color Space": "P3",
        "Green Component": 0.40000000000000002,
        "Red Component": 0.80000000000000004
    },
    "Ansi 10 Color": {
        "Alpha Component": 1,
        "Blue Component": 0.40784313725490196,
        "Color Space": "P3",
        "Green Component": 0.74117647058823533,
        "Red Component": 0.70980392156862748
    },
    "Ansi 11 Color": {
        "Alpha Component": 1,
        "Blue Component": 0.45490196078431372,
        "Color Space": "P3",
        "Green Component": 0.77647058823529413,
        "Red Component": 0.94117647058823528
    },
    "Ansi 12 Color": {
        "Alpha Component": 1,
        "Blue Component": 0.74509803921568629,
        "Color Space": "P3",
        "Green Component": 0.63529411764705879,
        "Red Component": 0.50588235294117645
    },
    "Ansi 13 Color": {
        "Alpha Component": 1,
        "Blue Component": 0.73333333333333328,
        "Color Space": "P3",
        "Green Component": 0.58039215686274515,
        "Red Component": 0.69803921568627447
    },
    "Ansi 14 Color": {
        "Alpha Component": 1,
        "Blue Component": 0.71764705882352942,
        "Color Space": "P3",
        "Green Component": 0.74509803921568629,
        "Red Component": 0.54117647058823526
    },
    "Ansi 15 Color": {
        "Alpha Component": 1,
        "Blue Component": 1,
        "Color Space": "P3",
        "Green Component": 1,
        "Red Component": 1
    },
    "Ansi 2 Color": {
        "Alpha Component": 1,
        "Blue Component": 0.40784313725490196,
        "Color Space": "P3",
        "Green Component": 0.74117647058823533,
        "Red Component": 0.70980392156862748
    },
    "Ansi 3 Color": {
        "Alpha Component": 1,
        "Blue Component": 0.45490196078431372,
        "Color Space": "P3",
        "Green Component": 0.77647058823529413,
        "Red Component": 0.94117647058823528
    },
    "Ansi 4 Color": {
        "Alpha Component": 1,
        "Blue Component": 0.74509803921568629,
        "Color Space": "P3",
        "Green Component": 0.63529411764705879,
        "Red Component": 0.50588235294117645
    },
    "Ansi 5 Color": {
        "Alpha Component": 1,
        "Blue Component": 0.73333333333333328,
        "Color Space": "P3",
        "Green Component": 0.58039215686274515,
        "Red Component": 0.69803921568627447
    },
    "Ansi 6 Color": {
        "Alpha Component": 1,
        "Blue Component": 0.71764705882352942,
        "Color Space": "P3",
        "Green Component": 0.74509803921568629,
        "Red Component": 0.54117647058823526
    },
    "Ansi 7 Color": {
        "Alpha Component": 1,
        "Blue Component": 0.77647058823529413,
        "Color Space": "P3",
        "Green Component": 0.78431372549019607,
        "Red Component": 0.77254901960784317
    },
    "Ansi 8 Color": {
        "Alpha Component": 1,
        "Blue Component": 0.58823529411764708,
        "Color Space": "P3",
        "Green Component": 0.59607843137254901,
        "Red Component": 0.58823529411764708
    },
    "Ansi 9 Color": {
        "Alpha Component": 1,
        "Blue Component": 0.40000000000000002,
        "Color Space": "P3",
        "Green Component": 0.40000000000000002,
        "Red Component": 0.80000000000000004
    },
    "BM Growl": true,
    "Background Color": {
        "Alpha Component": 1,
        "Blue Component": 0.12941176470588237,
        "Color Space": "P3",
        "Green Component": 0.12156862745098039,
        "Red Component": 0.11372549019607843
    },
    "Background Image Location": "",
    "Badge Color": {
        "Alpha Component": 0.5,
        "Blue Component": 0.11610633134841919,
        "Color Space": "sRGB",
        "Green Component": 0.11610633134841919,
        "Red Component": 0.74613857269287109
    },
    "Blinking Cursor": false,
    "Blur": false,
    "Bold Color": {
        "Alpha Component": 1,
        "Blue Component": 0.062745101749897003,
        "Color Space": "sRGB",
        "Green Component": 0.062745101749897003,
        "Red Component": 0.062745101749897003
    },
    "Bound Hosts": [],
    "Brighten Bold Text": false,
    "Character Encoding": 4,
    "Close Sessions On End": true,
    "Columns": 80,
    "Command": "",
    "Cursor Color": {
        "Alpha Component": 1,
        "Blue Component": 0.77647058823529413,
        "Color Space": "P3",
        "Green Component": 0.78431372549019607,
        "Red Component": 0.77254901960784317
    },
    "Cursor Guide Color": {
        "Alpha Component": 0.25,
        "Blue Component": 0.85319280624389648,
        "Color Space": "sRGB",
        "Green Component": 0.77217715978622437,
        "Red Component": 0.52338260412216187
    },
    "Cursor Hidden When Unfocused": true,
    "Cursor Text Color": {
        "Alpha Component": 1,
        "Blue Component": 0.12941176470588237,
        "Color Space": "P3",
        "Green Component": 0.12156862745098039,
        "Red Component": 0.11372549019607843
    },
    "Custom Command": "No",
    "Custom Directory": "No",
    "Default Bookmark": "No",
    "Description": "Default",
    "Disable Window Resizing": true,
    "Flashing Bell": false,
    "Foreground Color": {
        "Alpha Component": 1,
        "Blue Component": 0.77647058823529413,
        "Color Space": "P3",
        "Green Component": 0.78431372549019607,
        "Red Component": 0.77254901960784317
    },
    "Guid": "88188F8C-208F-434B-965C-1E868DBAFE1A",
    "Horizontal Spacing": 1,
    "Idle Code": 0,
    "Jobs to Ignore": [
        "rlogin",
        "ssh",
        "slogin",
        "telnet"
    ],
    "Keyboard Map": {},
    "Link Color": {
        "Alpha Component": 1,
        "Blue Component": 0.74509803921568629,
        "Color Space": "P3",
        "Green Component": 0.63529411764705879,
        "Red Component": 0.50588235294117645
    },
    "Match Background Color": {
        "Alpha Component": 1,
        "Blue Component": 0.45490196078431372,
        "Color Space": "P3",
        "Green Component": 0.77647058823529413,
        "Red Component": 0.94117647058823528
    },
    "Mouse Reporting": true,
    "Name": "jzgriffin",
    "Non Ascii Font": "Monaco 12",
    "Non-ASCII Anti Aliased": true,
    "Normal Font": "BerkeleyMonoNFM-Regular 14",
    "Option Key Sends": 2,
    "Prompt Before Closing 2": false,
    "Right Option Key Sends": 0,
    "Rows": 25,
    "Screen": -1,
    "Scrollback Lines": 1000,
    "Selected Text Color": {
        "Alpha Component": 1,
        "Blue Component": 0.77697509527206421,
        "Color Space": "P3",
        "Green Component": 0.78392678499221802,
        "Red Component": 0.7746550440788269
    },
    "Selection Color": {
        "Alpha Component": 1,
        "Blue Component": 0.25490196078431371,
        "Color Space": "P3",
        "Green Component": 0.23137254901960785,
        "Red Component": 0.21568627450980393
    },
    "Send Code When Idle": false,
    "Shortcut": "",
    "Silence Bell": false,
    "Sync Title": false,
    "Tags": [],
    "Terminal Type": "xterm-256color",
    "Transparency": 0,
    "Unlimited Scrollback": true,
    "Use Bold Font": true,
    "Use Bright Bold": false,
    "Use Italic Font": true,
    "Use Non-ASCII Font": false,
    "Use Separate Colors for Light and Dark Mode": false,
    "Vertical Spacing": 1,
    "Visual Bell": true,
    "Window Type": 0,
    "Working Directory": "~"
}
